Date,Store_ID,Product_ID,Category,Price,Discount,Promotion_Flag,Holiday_Flag,Stock_Available,Units_Sold,Day_of_Week,Month,Season
2024-01-01 00:00:00,STORE_4,SKU_103,Beverages,136,5,0,0,311,137,0,1,Winter
2024-01-02 00:00:00,STORE_5,SKU_109,Groceries,240,10,0,0,212,148,1,1,Winter
2024-01-03 00:00:00,STORE_3,SKU_107,Dairy,173,0,0,0,415,149,2,1,Winter
2024-01-04 00:00:00,STORE_5,SKU_100,Groceries,172,5,0,0,63,121,3,1,Winter
2024-01-05 00:00:00,STORE_5,SKU_109,Beverages,31,20,0,0,288,119,4,1,Winter
2024-01-06 00:00:00,STORE_2,SKU_100,Dairy,152,30,1,1,121,182,5,1,Winter
2024-01-07 00:00:00,STORE_3,SKU_103,Snacks,323,10,0,0,494,113,6,1,Winter
2024-01-08 00:00:00,STORE_3,SKU_107,Beverages,312,10,0,0,192,136,0,1,Winter
2024-01-09 00:00:00,STORE_3,SKU_104,Snacks,482,5,0,0,359,159,1,1,Winter
2024-01-10 00:00:00,STORE_5,SKU_101,Groceries,319,0,0,0,332,155,2,1,Winter
2024-01-11 00:00:00,STORE_4,SKU_105,Groceries,247,20,0,0,318,127,3,1,Winter
2024-01-12 00:00:00,STORE_3,SKU_104,Beverages,290,0,1,0,290,143,4,1,Winter
2024-01-13 00:00:00,STORE_5,SKU_101,Groceries,62,15,0,0,464,94,5,1,Winter
2024-01-14 00:00:00,STORE_2,SKU_102,Snacks,451,15,1,0,294,173,6,1,Winter
2024-01-15 00:00:00,STORE_4,SKU_108,Dairy,362,30,1,0,212,200,0,1,Winter
2024-01-16 00:00:00,STORE_2,SKU_106,Dairy,345,5,1,0,109,177,1,1,Winter
2024-01-17 00:00:00,STORE_4,SKU_106,Dairy,321,5,1,0,55,170,2,1,Winter
2024-01-18 00:00:00,STORE_5,SKU_105,Beverages,383,5,0,0,246,131,3,1,Winter
2024-01-19 00:00:00,STORE_1,SKU_107,Groceries,398,30,0,0,107,128,4,1,Winter
2024-01-20 00:00:00,STORE_4,SKU_103,Snacks,446,15,0,0,354,97,5,1,Winter
2024-01-21 00:00:00,STORE_2,SKU_107,Groceries,40,0,0,0,456,113,6,1,Winter
2024-01-22 00:00:00,STORE_5,SKU_103,Groceries,426,30,0,0,266,129,0,1,Winter
2024-01-23 00:00:00,STORE_4,SKU_107,Groceries,126,30,0,0,467,154,1,1,Winter
2024-01-24 00:00:00,STORE_1,SKU_108,Dairy,355,0,0,0,75,170,2,1,Winter
2024-01-25 00:00:00,STORE_1,SKU_102,Snacks,322,5,0,0,352,144,3,1,Winter
2024-01-26 00:00:00,STORE_3,SKU_102,Snacks,136,20,0,0,54,118,4,1,Winter
2024-01-27 00:00:00,STORE_3,SKU_101,Groceries,143,0,0,0,69,122,5,1,Winter
2024-01-28 00:00:00,STORE_2,SKU_109,Dairy,418,15,0,0,439,111,6,1,Winter
2024-01-29 00:00:00,STORE_4,SKU_102,Dairy,300,10,1,0,247,176,0,1,Winter
2024-01-30 00:00:00,STORE_4,SKU_102,Snacks,311,10,0,0,108,153,1,1,Winter
2024-01-31 00:00:00,STORE_3,SKU_104,Dairy,222,30,0,0,497,156,2,1,Winter
2024-02-01 00:00:00,STORE_4,SKU_104,Dairy,70,10,0,1,291,176,3,2,Winter
2024-02-02 00:00:00,STORE_4,SKU_101,Dairy,290,20,0,0,195,116,4,2,Winter
2024-02-03 00:00:00,STORE_1,SKU_109,Beverages,343,5,0,0,437,105,5,2,Winter
2024-02-04 00:00:00,STORE_3,SKU_105,Groceries,296,15,0,0,322,108,6,2,Winter
2024-02-05 00:00:00,STORE_5,SKU_104,Snacks,160,20,0,1,298,191,0,2,Winter
2024-02-06 00:00:00,STORE_3,SKU_105,Snacks,489,15,0,0,63,144,1,2,Winter
2024-02-07 00:00:00,STORE_5,SKU_100,Beverages,294,15,0,0,62,161,2,2,Winter
2024-02-08 00:00:00,STORE_1,SKU_104,Groceries,309,5,0,0,440,146,3,2,Winter
2024-02-09 00:00:00,STORE_2,SKU_108,Snacks,353,30,0,0,433,125,4,2,Winter
2024-02-10 00:00:00,STORE_4,SKU_109,Dairy,400,10,0,0,93,107,5,2,Winter
2024-02-11 00:00:00,STORE_1,SKU_101,Snacks,471,5,0,0,424,111,6,2,Winter
2024-02-12 00:00:00,STORE_4,SKU_100,Dairy,392,20,1,0,448,200,0,2,Winter
2024-02-13 00:00:00,STORE_2,SKU_109,Beverages,71,30,0,0,68,153,1,2,Winter
2024-02-14 00:00:00,STORE_2,SKU_108,Dairy,46,20,0,1,112,220,2,2,Winter
2024-02-15 00:00:00,STORE_1,SKU_109,Snacks,176,30,0,0,288,133,3,2,Winter
2024-02-16 00:00:00,STORE_2,SKU_108,Snacks,258,20,0,0,468,128,4,2,Winter
2024-02-17 00:00:00,STORE_5,SKU_108,Snacks,175,5,0,0,386,101,5,2,Winter
2024-02-18 00:00:00,STORE_2,SKU_105,Beverages,310,30,0,0,468,107,6,2,Winter
2024-02-19 00:00:00,STORE_4,SKU_107,Beverages,155,30,1,0,452,154,0,2,Winter
2024-02-20 00:00:00,STORE_4,SKU_100,Groceries,163,15,0,0,453,147,1,2,Winter
2024-02-21 00:00:00,STORE_4,SKU_109,Snacks,125,15,0,0,149,152,2,2,Winter
2024-02-22 00:00:00,STORE_4,SKU_103,Dairy,439,0,0,0,212,156,3,2,Winter
2024-02-23 00:00:00,STORE_5,SKU_100,Beverages,177,20,0,0,465,122,4,2,Winter
2024-02-24 00:00:00,STORE_3,SKU_107,Snacks,165,15,0,0,171,110,5,2,Winter
2024-02-25 00:00:00,STORE_1,SKU_100,Snacks,21,0,0,0,481,108,6,2,Winter
2024-02-26 00:00:00,STORE_4,SKU_102,Beverages,452,15,1,0,93,196,0,2,Winter
2024-02-27 00:00:00,STORE_2,SKU_103,Groceries,96,20,0,0,409,156,1,2,Winter
2024-02-28 00:00:00,STORE_4,SKU_107,Beverages,151,30,0,0,457,154,2,2,Winter
2024-02-29 00:00:00,STORE_2,SKU_105,Beverages,109,10,1,1,366,239,3,2,Winter
2024-03-01 00:00:00,STORE_2,SKU_109,Dairy,364,20,0,0,430,126,4,3,Spring
2024-03-02 00:00:00,STORE_4,SKU_106,Dairy,369,5,1,0,194,163,5,3,Spring
2024-03-03 00:00:00,STORE_5,SKU_107,Groceries,478,15,0,0,376,105,6,3,Spring
2024-03-04 00:00:00,STORE_2,SKU_101,Snacks,282,15,1,0,412,167,0,3,Spring
2024-03-05 00:00:00,STORE_2,SKU_109,Beverages,370,30,0,0,99,159,1,3,Spring
2024-03-06 00:00:00,STORE_4,SKU_107,Groceries,127,5,1,0,114,193,2,3,Spring
2024-03-07 00:00:00,STORE_2,SKU_102,Dairy,93,30,1,0,404,162,3,3,Spring
2024-03-08 00:00:00,STORE_2,SKU_106,Beverages,58,5,0,0,337,127,4,3,Spring
2024-03-09 00:00:00,STORE_4,SKU_102,Snacks,416,10,1,0,213,157,5,3,Spring
2024-03-10 00:00:00,STORE_4,SKU_106,Dairy,178,15,0,1,190,192,6,3,Spring
2024-03-11 00:00:00,STORE_1,SKU_101,Dairy,90,15,0,0,363,154,0,3,Spring
2024-03-12 00:00:00,STORE_5,SKU_109,Dairy,466,10,0,0,177,155,1,3,Spring
2024-03-13 00:00:00,STORE_5,SKU_105,Groceries,331,0,0,0,447,154,2,3,Spring
2024-03-14 00:00:00,STORE_2,SKU_102,Snacks,260,30,0,0,470,155,3,3,Spring
2024-03-15 00:00:00,STORE_5,SKU_102,Beverages,445,10,0,0,417,118,4,3,Spring
2024-03-16 00:00:00,STORE_2,SKU_108,Groceries,464,30,0,0,288,103,5,3,Spring
2024-03-17 00:00:00,STORE_1,SKU_106,Groceries,317,20,1,0,373,142,6,3,Spring
2024-03-18 00:00:00,STORE_4,SKU_104,Groceries,459,15,1,0,345,151,0,3,Spring
2024-03-19 00:00:00,STORE_4,SKU_109,Dairy,55,30,0,0,236,158,1,3,Spring
2024-03-20 00:00:00,STORE_4,SKU_106,Snacks,103,5,0,0,257,153,2,3,Spring
2024-03-21 00:00:00,STORE_5,SKU_108,Groceries,471,30,0,0,269,146,3,3,Spring
2024-03-22 00:00:00,STORE_1,SKU_100,Beverages,393,20,0,0,449,140,4,3,Spring
2024-03-23 00:00:00,STORE_5,SKU_106,Snacks,282,15,0,0,239,111,5,3,Spring
2024-03-24 00:00:00,STORE_5,SKU_105,Beverages,329,10,0,0,437,130,6,3,Spring
2024-03-25 00:00:00,STORE_1,SKU_109,Snacks,404,20,0,0,478,147,0,3,Spring
2024-03-26 00:00:00,STORE_1,SKU_108,Beverages,191,15,1,0,395,205,1,3,Spring
2024-03-27 00:00:00,STORE_1,SKU_100,Dairy,395,30,0,0,333,155,2,3,Spring
2024-03-28 00:00:00,STORE_1,SKU_103,Groceries,192,0,0,0,401,156,3,3,Spring
2024-03-29 00:00:00,STORE_4,SKU_108,Beverages,381,0,0,0,286,121,4,3,Spring
2024-03-30 00:00:00,STORE_3,SKU_103,Snacks,66,5,0,0,243,110,5,3,Spring
2024-03-31 00:00:00,STORE_3,SKU_109,Groceries,398,15,0,0,336,118,6,3,Spring
2024-04-01 00:00:00,STORE_1,SKU_102,Groceries,160,0,0,0,308,132,0,4,Spring
2024-04-02 00:00:00,STORE_3,SKU_108,Snacks,394,10,0,0,295,145,1,4,Spring
2024-04-03 00:00:00,STORE_3,SKU_101,Beverages,425,15,0,0,185,142,2,4,Spring
2024-04-04 00:00:00,STORE_1,SKU_103,Dairy,137,10,1,1,329,288,3,4,Spring
2024-04-05 00:00:00,STORE_3,SKU_105,Dairy,296,10,1,1,320,241,4,4,Spring
2024-04-06 00:00:00,STORE_5,SKU_101,Beverages,233,0,0,0,220,91,5,4,Spring
2024-04-07 00:00:00,STORE_2,SKU_107,Groceries,239,15,0,0,208,105,6,4,Spring
2024-04-08 00:00:00,STORE_2,SKU_107,Groceries,412,30,0,0,250,134,0,4,Spring
2024-04-09 00:00:00,STORE_1,SKU_100,Groceries,45,20,0,1,94,206,1,4,Spring
2024-04-10 00:00:00,STORE_4,SKU_102,Groceries,28,0,0,0,499,142,2,4,Spring
2024-04-11 00:00:00,STORE_1,SKU_109,Beverages,290,0,0,0,313,142,3,4,Spring
2024-04-12 00:00:00,STORE_4,SKU_108,Groceries,29,30,0,0,120,127,4,4,Spring
2024-04-13 00:00:00,STORE_2,SKU_104,Snacks,491,15,0,0,413,105,5,4,Spring
2024-04-14 00:00:00,STORE_1,SKU_105,Groceries,397,15,0,0,420,116,6,4,Spring
2024-04-15 00:00:00,STORE_5,SKU_103,Dairy,140,10,1,0,152,186,0,4,Spring
2024-04-16 00:00:00,STORE_3,SKU_109,Groceries,144,30,1,0,174,189,1,4,Spring
2024-04-17 00:00:00,STORE_4,SKU_101,Beverages,189,30,0,0,362,149,2,4,Spring
2024-04-18 00:00:00,STORE_3,SKU_107,Dairy,91,15,0,0,335,132,3,4,Spring
2024-04-19 00:00:00,STORE_3,SKU_105,Beverages,171,10,1,0,279,170,4,4,Spring
2024-04-20 00:00:00,STORE_1,SKU_104,Beverages,227,0,0,0,195,94,5,4,Spring
2024-04-21 00:00:00,STORE_3,SKU_108,Dairy,68,5,1,0,419,126,6,4,Spring
2024-04-22 00:00:00,STORE_5,SKU_100,Beverages,173,20,0,0,246,143,0,4,Spring
2024-04-23 00:00:00,STORE_3,SKU_104,Beverages,366,0,1,0,422,200,1,4,Spring
2024-04-24 00:00:00,STORE_1,SKU_105,Groceries,312,15,0,0,270,144,2,4,Spring
2024-04-25 00:00:00,STORE_5,SKU_104,Snacks,87,20,1,0,472,157,3,4,Spring
2024-04-26 00:00:00,STORE_2,SKU_105,Beverages,69,5,1,0,109,139,4,4,Spring
2024-04-27 00:00:00,STORE_3,SKU_105,Beverages,171,5,0,0,147,107,5,4,Spring
2024-04-28 00:00:00,STORE_1,SKU_106,Beverages,38,10,0,0,220,102,6,4,Spring
2024-04-29 00:00:00,STORE_2,SKU_103,Groceries,119,20,1,0,431,193,0,4,Spring
2024-04-30 00:00:00,STORE_2,SKU_107,Snacks,79,10,0,0,222,158,1,4,Spring
2024-05-01 00:00:00,STORE_4,SKU_106,Dairy,186,0,1,0,200,189,2,5,Spring
2024-05-02 00:00:00,STORE_5,SKU_108,Groceries,221,30,0,0,399,132,3,5,Spring
2024-05-03 00:00:00,STORE_3,SKU_106,Groceries,364,30,0,0,439,111,4,5,Spring
2024-05-04 00:00:00,STORE_1,SKU_102,Snacks,165,30,0,0,489,101,5,5,Spring
2024-05-05 00:00:00,STORE_4,SKU_102,Snacks,422,20,0,0,171,118,6,5,Spring
2024-05-06 00:00:00,STORE_5,SKU_107,Groceries,183,30,1,0,157,191,0,5,Spring
2024-05-07 00:00:00,STORE_4,SKU_104,Dairy,477,0,0,0,53,172,1,5,Spring
2024-05-08 00:00:00,STORE_5,SKU_103,Groceries,458,10,0,0,142,129,2,5,Spring
2024-05-09 00:00:00,STORE_5,SKU_107,Snacks,261,20,0,0,456,129,3,5,Spring
2024-05-10 00:00:00,STORE_3,SKU_105,Dairy,88,10,0,0,55,134,4,5,Spring
2024-05-11 00:00:00,STORE_5,SKU_101,Snacks,194,20,1,0,337,110,5,5,Spring
2024-05-12 00:00:00,STORE_4,SKU_103,Dairy,68,10,1,0,155,169,6,5,Spring
2024-05-13 00:00:00,STORE_5,SKU_103,Beverages,127,5,0,0,195,128,0,5,Spring
2024-05-14 00:00:00,STORE_3,SKU_105,Snacks,245,10,1,0,320,183,1,5,Spring
2024-05-15 00:00:00,STORE_3,SKU_105,Snacks,180,30,1,0,473,189,2,5,Spring
2024-05-16 00:00:00,STORE_4,SKU_100,Groceries,138,5,0,0,427,133,3,5,Spring
2024-05-17 00:00:00,STORE_2,SKU_107,Snacks,168,10,1,0,145,192,4,5,Spring
2024-05-18 00:00:00,STORE_2,SKU_105,Snacks,484,20,0,0,278,102,5,5,Spring
2024-05-19 00:00:00,STORE_5,SKU_102,Beverages,169,20,0,0,251,103,6,5,Spring
2024-05-20 00:00:00,STORE_1,SKU_108,Snacks,451,20,1,1,261,235,0,5,Spring
2024-05-21 00:00:00,STORE_5,SKU_101,Beverages,312,15,0,0,55,145,1,5,Spring
2024-05-22 00:00:00,STORE_4,SKU_107,Beverages,162,0,1,0,161,196,2,5,Spring
2024-05-23 00:00:00,STORE_4,SKU_109,Beverages,438,20,1,0,425,180,3,5,Spring
2024-05-24 00:00:00,STORE_4,SKU_102,Beverages,495,5,0,0,428,115,4,5,Spring
2024-05-25 00:00:00,STORE_4,SKU_104,Dairy,474,20,1,0,496,138,5,5,Spring
2024-05-26 00:00:00,STORE_4,SKU_105,Groceries,179,15,0,0,372,89,6,5,Spring
2024-05-27 00:00:00,STORE_3,SKU_109,Dairy,30,30,0,0,155,132,0,5,Spring
2024-05-28 00:00:00,STORE_2,SKU_105,Snacks,157,5,0,0,188,134,1,5,Spring
2024-05-29 00:00:00,STORE_4,SKU_103,Dairy,476,15,1,0,348,208,2,5,Spring
2024-05-30 00:00:00,STORE_1,SKU_102,Dairy,97,30,0,0,450,147,3,5,Spring
2024-05-31 00:00:00,STORE_1,SKU_103,Snacks,96,5,0,0,145,101,4,5,Spring
2024-06-01 00:00:00,STORE_1,SKU_100,Snacks,460,10,0,0,437,101,5,6,Summer
2024-06-02 00:00:00,STORE_1,SKU_103,Snacks,273,0,0,0,496,97,6,6,Summer
2024-06-03 00:00:00,STORE_3,SKU_100,Dairy,428,0,0,0,386,110,0,6,Summer
2024-06-04 00:00:00,STORE_1,SKU_100,Dairy,277,15,0,0,346,159,1,6,Summer
2024-06-05 00:00:00,STORE_4,SKU_109,Snacks,339,30,0,0,438,144,2,6,Summer
2024-06-06 00:00:00,STORE_5,SKU_105,Groceries,310,0,0,0,465,125,3,6,Summer
2024-06-07 00:00:00,STORE_1,SKU_104,Groceries,282,30,1,0,263,135,4,6,Summer
2024-06-08 00:00:00,STORE_3,SKU_103,Beverages,104,30,0,0,340,104,5,6,Summer
2024-06-09 00:00:00,STORE_3,SKU_102,Snacks,165,15,0,0,71,94,6,6,Summer
2024-06-10 00:00:00,STORE_1,SKU_100,Beverages,342,15,1,0,242,158,0,6,Summer
2024-06-11 00:00:00,STORE_5,SKU_105,Groceries,61,15,0,0,199,139,1,6,Summer
2024-06-12 00:00:00,STORE_1,SKU_101,Beverages,393,0,1,0,417,187,2,6,Summer
2024-06-13 00:00:00,STORE_3,SKU_107,Snacks,144,15,0,0,296,120,3,6,Summer
2024-06-14 00:00:00,STORE_2,SKU_109,Snacks,186,0,1,0,316,138,4,6,Summer
2024-06-15 00:00:00,STORE_4,SKU_104,Snacks,444,15,0,0,300,92,5,6,Summer
2024-06-16 00:00:00,STORE_3,SKU_106,Dairy,260,20,0,0,52,98,6,6,Summer
2024-06-17 00:00:00,STORE_1,SKU_109,Beverages,478,30,0,0,442,116,0,6,Summer
2024-06-18 00:00:00,STORE_4,SKU_101,Groceries,299,15,1,0,365,204,1,6,Summer
2024-06-19 00:00:00,STORE_1,SKU_107,Groceries,207,5,0,0,125,165,2,6,Summer
2024-06-20 00:00:00,STORE_1,SKU_101,Groceries,321,30,0,0,136,133,3,6,Summer
2024-06-21 00:00:00,STORE_2,SKU_103,Dairy,38,30,1,0,319,135,4,6,Summer
2024-06-22 00:00:00,STORE_4,SKU_100,Dairy,87,15,1,0,274,120,5,6,Summer
2024-06-23 00:00:00,STORE_4,SKU_104,Snacks,237,10,0,0,67,89,6,6,Summer
2024-06-24 00:00:00,STORE_2,SKU_108,Groceries,121,15,1,0,162,153,0,6,Summer
2024-06-25 00:00:00,STORE_3,SKU_100,Dairy,61,30,1,0,300,179,1,6,Summer
2024-06-26 00:00:00,STORE_1,SKU_108,Snacks,307,5,0,0,282,157,2,6,Summer
2024-06-27 00:00:00,STORE_5,SKU_107,Groceries,186,30,0,0,378,140,3,6,Summer
2024-06-28 00:00:00,STORE_1,SKU_105,Beverages,128,5,0,0,328,94,4,6,Summer
2024-06-29 00:00:00,STORE_1,SKU_106,Snacks,55,0,0,0,251,92,5,6,Summer
2024-06-30 00:00:00,STORE_3,SKU_102,Dairy,251,20,0,0,132,85,6,6,Summer
2024-07-01 00:00:00,STORE_1,SKU_100,Dairy,248,30,0,0,174,124,0,7,Summer
2024-07-02 00:00:00,STORE_2,SKU_104,Snacks,372,15,0,0,224,127,1,7,Summer
2024-07-03 00:00:00,STORE_2,SKU_101,Snacks,183,0,0,0,118,136,2,7,Summer
2024-07-04 00:00:00,STORE_4,SKU_104,Dairy,406,20,0,0,96,128,3,7,Summer
2024-07-05 00:00:00,STORE_5,SKU_107,Beverages,92,15,1,0,421,170,4,7,Summer
2024-07-06 00:00:00,STORE_1,SKU_108,Groceries,155,10,1,0,305,133,5,7,Summer
2024-07-07 00:00:00,STORE_1,SKU_101,Beverages,372,15,0,0,264,90,6,7,Summer
2024-07-08 00:00:00,STORE_3,SKU_102,Snacks,398,5,1,0,79,120,0,7,Summer
2024-07-09 00:00:00,STORE_2,SKU_102,Beverages,89,5,0,0,330,146,1,7,Summer
2024-07-10 00:00:00,STORE_5,SKU_100,Dairy,444,10,0,1,461,209,2,7,Summer
2024-07-11 00:00:00,STORE_4,SKU_107,Snacks,215,0,0,0,286,139,3,7,Summer
2024-07-12 00:00:00,STORE_2,SKU_105,Groceries,288,20,0,0,297,112,4,7,Summer
2024-07-13 00:00:00,STORE_4,SKU_107,Dairy,68,15,1,0,417,114,5,7,Summer
2024-07-14 00:00:00,STORE_3,SKU_108,Dairy,335,5,0,0,74,79,6,7,Summer
2024-07-15 00:00:00,STORE_3,SKU_104,Groceries,149,0,0,0,123,115,0,7,Summer
2024-07-16 00:00:00,STORE_1,SKU_102,Groceries,463,10,0,1,255,156,1,7,Summer
2024-07-17 00:00:00,STORE_5,SKU_104,Beverages,24,30,0,0,363,137,2,7,Summer
2024-07-18 00:00:00,STORE_4,SKU_104,Snacks,447,5,0,0,143,133,3,7,Summer
2024-07-19 00:00:00,STORE_2,SKU_104,Groceries,46,10,0,0,424,85,4,7,Summer
2024-07-20 00:00:00,STORE_3,SKU_102,Groceries,179,15,0,0,176,90,5,7,Summer
2024-07-21 00:00:00,STORE_1,SKU_109,Snacks,168,20,1,0,474,124,6,7,Summer
2024-07-22 00:00:00,STORE_1,SKU_103,Groceries,283,5,1,0,74,164,0,7,Summer
2024-07-23 00:00:00,STORE_4,SKU_108,Groceries,249,5,0,1,383,191,1,7,Summer
2024-07-24 00:00:00,STORE_3,SKU_109,Beverages,219,15,1,0,404,173,2,7,Summer
2024-07-25 00:00:00,STORE_5,SKU_108,Dairy,69,30,0,0,165,135,3,7,Summer
2024-07-26 00:00:00,STORE_3,SKU_101,Dairy,86,0,0,0,97,105,4,7,Summer
2024-07-27 00:00:00,STORE_4,SKU_107,Dairy,319,20,0,0,275,86,5,7,Summer
2024-07-28 00:00:00,STORE_4,SKU_107,Dairy,400,5,0,0,315,104,6,7,Summer
2024-07-29 00:00:00,STORE_3,SKU_106,Groceries,77,20,1,0,148,151,0,7,Summer
2024-07-30 00:00:00,STORE_4,SKU_107,Snacks,278,5,0,0,60,116,1,7,Summer
2024-07-31 00:00:00,STORE_3,SKU_102,Snacks,361,20,0,0,134,134,2,7,Summer
2024-08-01 00:00:00,STORE_2,SKU_105,Beverages,345,10,0,0,454,123,3,8,Summer
2024-08-02 00:00:00,STORE_3,SKU_100,Beverages,149,5,0,0,263,106,4,8,Summer
2024-08-03 00:00:00,STORE_3,SKU_106,Groceries,234,20,1,0,222,126,5,8,Summer
2024-08-04 00:00:00,STORE_4,SKU_100,Snacks,191,0,0,0,440,95,6,8,Summer
2024-08-05 00:00:00,STORE_4,SKU_108,Snacks,277,10,0,0,258,117,0,8,Summer
2024-08-06 00:00:00,STORE_1,SKU_100,Dairy,121,10,0,0,497,123,1,8,Summer
2024-08-07 00:00:00,STORE_1,SKU_100,Groceries,228,0,0,0,431,129,2,8,Summer
2024-08-08 00:00:00,STORE_2,SKU_106,Groceries,310,20,0,0,113,130,3,8,Summer
2024-08-09 00:00:00,STORE_1,SKU_101,Dairy,373,15,0,0,307,84,4,8,Summer
2024-08-10 00:00:00,STORE_3,SKU_104,Groceries,490,0,0,0,381,86,5,8,Summer
2024-08-11 00:00:00,STORE_4,SKU_107,Groceries,305,20,0,0,170,80,6,8,Summer
2024-08-12 00:00:00,STORE_1,SKU_107,Beverages,135,0,1,0,347,153,0,8,Summer
2024-08-13 00:00:00,STORE_1,SKU_102,Snacks,283,0,1,0,103,169,1,8,Summer
2024-08-14 00:00:00,STORE_2,SKU_106,Groceries,169,5,0,0,380,131,2,8,Summer
2024-08-15 00:00:00,STORE_2,SKU_102,Beverages,319,20,0,0,321,135,3,8,Summer
2024-08-16 00:00:00,STORE_3,SKU_105,Snacks,461,15,0,0,290,85,4,8,Summer
2024-08-17 00:00:00,STORE_4,SKU_105,Dairy,55,5,1,0,292,108,5,8,Summer
2024-08-18 00:00:00,STORE_2,SKU_102,Beverages,472,0,0,0,67,85,6,8,Summer
2024-08-19 00:00:00,STORE_1,SKU_106,Beverages,352,30,0,0,236,112,0,8,Summer
2024-08-20 00:00:00,STORE_4,SKU_102,Snacks,496,0,0,0,395,145,1,8,Summer
2024-08-21 00:00:00,STORE_4,SKU_107,Dairy,306,0,0,0,193,125,2,8,Summer
2024-08-22 00:00:00,STORE_1,SKU_109,Beverages,322,20,0,0,311,105,3,8,Summer
2024-08-23 00:00:00,STORE_2,SKU_103,Groceries,330,20,0,0,490,88,4,8,Summer
2024-08-24 00:00:00,STORE_1,SKU_100,Groceries,227,5,0,0,413,80,5,8,Summer
2024-08-25 00:00:00,STORE_4,SKU_103,Groceries,125,15,0,0,480,88,6,8,Summer
2024-08-26 00:00:00,STORE_5,SKU_106,Dairy,465,5,0,0,288,108,0,8,Summer
2024-08-27 00:00:00,STORE_5,SKU_103,Beverages,177,10,0,1,353,217,1,8,Summer
2024-08-28 00:00:00,STORE_3,SKU_105,Groceries,140,0,0,0,347,147,2,8,Summer
2024-08-29 00:00:00,STORE_1,SKU_108,Dairy,74,30,0,0,125,130,3,8,Summer
2024-08-30 00:00:00,STORE_1,SKU_100,Groceries,419,0,0,0,237,121,4,8,Summer
2024-08-31 00:00:00,STORE_3,SKU_104,Snacks,31,0,0,0,382,90,5,8,Summer
2024-09-01 00:00:00,STORE_3,SKU_106,Beverages,164,5,1,0,437,139,6,9,Autumn
2024-09-02 00:00:00,STORE_3,SKU_100,Beverages,419,30,0,0,295,113,0,9,Autumn
2024-09-03 00:00:00,STORE_4,SKU_103,Dairy,415,30,0,0,179,130,1,9,Autumn
2024-09-04 00:00:00,STORE_1,SKU_105,Dairy,155,30,0,0,364,133,2,9,Autumn
2024-09-05 00:00:00,STORE_4,SKU_101,Beverages,487,5,0,0,460,111,3,9,Autumn
2024-09-06 00:00:00,STORE_3,SKU_109,Groceries,22,0,0,0,332,81,4,9,Autumn
2024-09-07 00:00:00,STORE_1,SKU_104,Groceries,163,5,0,0,128,79,5,9,Autumn
2024-09-08 00:00:00,STORE_4,SKU_109,Snacks,49,20,0,0,121,91,6,9,Autumn
2024-09-09 00:00:00,STORE_4,SKU_100,Groceries,256,20,1,0,312,152,0,9,Autumn
2024-09-10 00:00:00,STORE_3,SKU_105,Dairy,298,5,0,0,240,113,1,9,Autumn
2024-09-11 00:00:00,STORE_1,SKU_105,Dairy,367,30,1,0,416,165,2,9,Autumn
2024-09-12 00:00:00,STORE_3,SKU_103,Groceries,134,0,1,1,424,216,3,9,Autumn
2024-09-13 00:00:00,STORE_1,SKU_107,Dairy,123,5,0,0,479,93,4,9,Autumn
2024-09-14 00:00:00,STORE_5,SKU_103,Beverages,137,5,1,0,112,130,5,9,Autumn
2024-09-15 00:00:00,STORE_2,SKU_107,Beverages,24,5,0,0,429,92,6,9,Autumn
2024-09-16 00:00:00,STORE_2,SKU_107,Groceries,487,10,1,0,61,152,0,9,Autumn
2024-09-17 00:00:00,STORE_2,SKU_104,Beverages,379,20,0,0,190,134,1,9,Autumn
2024-09-18 00:00:00,STORE_3,SKU_103,Beverages,267,30,0,0,303,140,2,9,Autumn
2024-09-19 00:00:00,STORE_5,SKU_101,Snacks,383,15,0,0,92,119,3,9,Autumn
2024-09-20 00:00:00,STORE_1,SKU_102,Snacks,340,30,0,0,66,100,4,9,Autumn
2024-09-21 00:00:00,STORE_4,SKU_102,Beverages,140,15,0,0,112,90,5,9,Autumn
2024-09-22 00:00:00,STORE_1,SKU_103,Groceries,305,10,0,0,302,74,6,9,Autumn
2024-09-23 00:00:00,STORE_4,SKU_103,Snacks,168,5,0,0,425,115,0,9,Autumn
2024-09-24 00:00:00,STORE_1,SKU_109,Dairy,103,10,0,1,341,154,1,9,Autumn
2024-09-25 00:00:00,STORE_5,SKU_104,Dairy,473,10,0,0,57,122,2,9,Autumn
2024-09-26 00:00:00,STORE_4,SKU_103,Dairy,425,0,0,0,374,117,3,9,Autumn
2024-09-27 00:00:00,STORE_3,SKU_109,Groceries,485,20,1,0,139,99,4,9,Autumn
2024-09-28 00:00:00,STORE_1,SKU_107,Beverages,475,15,1,0,257,123,5,9,Autumn
2024-09-29 00:00:00,STORE_1,SKU_105,Dairy,250,5,1,0,341,135,6,9,Autumn
2024-09-30 00:00:00,STORE_4,SKU_105,Groceries,307,15,0,0,333,88,0,9,Autumn
2024-10-01 00:00:00,STORE_3,SKU_107,Snacks,180,30,0,0,167,137,1,10,Autumn
2024-10-02 00:00:00,STORE_3,SKU_106,Beverages,291,15,0,0,398,124,2,10,Autumn
2024-10-03 00:00:00,STORE_5,SKU_109,Snacks,479,30,1,0,224,163,3,10,Autumn
2024-10-04 00:00:00,STORE_3,SKU_109,Groceries,57,20,0,0,125,90,4,10,Autumn
2024-10-05 00:00:00,STORE_3,SKU_107,Dairy,245,30,0,0,150,88,5,10,Autumn
2024-10-06 00:00:00,STORE_3,SKU_101,Dairy,161,15,0,0,463,97,6,10,Autumn
2024-10-07 00:00:00,STORE_2,SKU_108,Groceries,311,15,1,0,200,155,0,10,Autumn
2024-10-08 00:00:00,STORE_5,SKU_100,Dairy,170,30,0,0,449,126,1,10,Autumn
2024-10-09 00:00:00,STORE_1,SKU_107,Beverages,133,10,0,0,319,126,2,10,Autumn
2024-10-10 00:00:00,STORE_4,SKU_103,Groceries,256,20,0,0,120,117,3,10,Autumn
2024-10-11 00:00:00,STORE_1,SKU_103,Snacks,85,0,0,0,229,102,4,10,Autumn
2024-10-12 00:00:00,STORE_5,SKU_104,Groceries,380,5,0,0,173,89,5,10,Autumn
2024-10-13 00:00:00,STORE_4,SKU_107,Beverages,360,15,0,0,430,92,6,10,Autumn
2024-10-14 00:00:00,STORE_5,SKU_104,Beverages,277,5,0,0,342,94,0,10,Autumn
2024-10-15 00:00:00,STORE_3,SKU_107,Groceries,494,0,1,0,334,178,1,10,Autumn
2024-10-16 00:00:00,STORE_4,SKU_109,Groceries,268,5,0,0,244,125,2,10,Autumn
2024-10-17 00:00:00,STORE_3,SKU_100,Dairy,476,0,1,0,448,182,3,10,Autumn
2024-10-18 00:00:00,STORE_1,SKU_109,Beverages,468,30,1,0,277,130,4,10,Autumn
2024-10-19 00:00:00,STORE_1,SKU_108,Groceries,350,10,0,0,480,87,5,10,Autumn
2024-10-20 00:00:00,STORE_4,SKU_105,Groceries,342,15,0,0,479,84,6,10,Autumn
2024-10-21 00:00:00,STORE_4,SKU_102,Beverages,199,0,0,0,485,88,0,10,Autumn
2024-10-22 00:00:00,STORE_5,SKU_107,Groceries,209,5,1,0,324,194,1,10,Autumn
2024-10-23 00:00:00,STORE_5,SKU_108,Dairy,426,15,0,0,155,131,2,10,Autumn
2024-10-24 00:00:00,STORE_3,SKU_105,Beverages,173,10,0,1,70,160,3,10,Autumn
2024-10-25 00:00:00,STORE_4,SKU_106,Dairy,215,30,0,1,113,120,4,10,Autumn
2024-10-26 00:00:00,STORE_1,SKU_100,Dairy,485,15,0,0,214,79,5,10,Autumn
2024-10-27 00:00:00,STORE_5,SKU_104,Dairy,330,0,0,0,76,85,6,10,Autumn
2024-10-28 00:00:00,STORE_5,SKU_104,Dairy,281,10,0,0,360,109,0,10,Autumn
2024-10-29 00:00:00,STORE_1,SKU_109,Beverages,438,5,0,0,334,113,1,10,Autumn
2024-10-30 00:00:00,STORE_5,SKU_103,Dairy,425,10,0,0,197,136,2,10,Autumn
2024-10-31 00:00:00,STORE_3,SKU_105,Dairy,446,10,0,0,330,136,3,10,Autumn
2024-11-01 00:00:00,STORE_4,SKU_106,Groceries,162,20,0,1,375,156,4,11,Autumn
2024-11-02 00:00:00,STORE_1,SKU_108,Beverages,361,10,0,0,368,89,5,11,Autumn
2024-11-03 00:00:00,STORE_4,SKU_100,Beverages,335,10,0,0,213,79,6,11,Autumn
2024-11-04 00:00:00,STORE_5,SKU_105,Snacks,120,15,1,0,435,143,0,11,Autumn
2024-11-05 00:00:00,STORE_5,SKU_106,Beverages,263,5,0,0,455,131,1,11,Autumn
2024-11-06 00:00:00,STORE_1,SKU_102,Beverages,31,15,0,1,273,179,2,11,Autumn
2024-11-07 00:00:00,STORE_3,SKU_107,Snacks,258,15,0,0,321,133,3,11,Autumn
2024-11-08 00:00:00,STORE_2,SKU_104,Beverages,68,0,0,0,195,106,4,11,Autumn
2024-11-09 00:00:00,STORE_1,SKU_108,Beverages,61,15,0,0,487,115,5,11,Autumn
2024-11-10 00:00:00,STORE_2,SKU_104,Beverages,185,20,0,0,405,83,6,11,Autumn
2024-11-11 00:00:00,STORE_2,SKU_108,Beverages,101,20,1,0,79,137,0,11,Autumn
2024-11-12 00:00:00,STORE_3,SKU_109,Snacks,448,0,0,0,94,118,1,11,Autumn
2024-11-13 00:00:00,STORE_2,SKU_103,Beverages,310,30,0,0,324,114,2,11,Autumn
2024-11-14 00:00:00,STORE_2,SKU_108,Beverages,177,5,0,0,83,130,3,11,Autumn
2024-11-15 00:00:00,STORE_3,SKU_104,Snacks,235,5,0,0,190,106,4,11,Autumn
2024-11-16 00:00:00,STORE_2,SKU_109,Groceries,177,15,0,0,476,79,5,11,Autumn
2024-11-17 00:00:00,STORE_2,SKU_108,Dairy,481,15,0,0,367,93,6,11,Autumn
2024-11-18 00:00:00,STORE_2,SKU_102,Groceries,153,30,0,0,423,106,0,11,Autumn
2024-11-19 00:00:00,STORE_1,SKU_103,Snacks,86,15,0,0,270,127,1,11,Autumn
2024-11-20 00:00:00,STORE_1,SKU_108,Dairy,355,5,0,0,405,133,2,11,Autumn
2024-11-21 00:00:00,STORE_1,SKU_109,Snacks,26,10,0,0,71,114,3,11,Autumn
2024-11-22 00:00:00,STORE_3,SKU_105,Snacks,455,20,0,0,229,94,4,11,Autumn
2024-11-23 00:00:00,STORE_5,SKU_101,Beverages,33,10,0,0,485,81,5,11,Autumn
2024-11-24 00:00:00,STORE_2,SKU_106,Dairy,92,10,1,0,416,134,6,11,Autumn
2024-11-25 00:00:00,STORE_2,SKU_101,Beverages,418,5,0,0,469,84,0,11,Autumn
2024-11-26 00:00:00,STORE_3,SKU_101,Dairy,424,10,0,0,378,129,1,11,Autumn
2024-11-27 00:00:00,STORE_2,SKU_100,Snacks,182,30,0,0,280,125,2,11,Autumn
2024-11-28 00:00:00,STORE_1,SKU_102,Snacks,85,0,1,0,452,167,3,11,Autumn
2024-11-29 00:00:00,STORE_5,SKU_105,Groceries,366,15,1,0,87,140,4,11,Autumn
2024-11-30 00:00:00,STORE_4,SKU_107,Dairy,149,0,0,1,119,130,5,11,Autumn
2024-12-01 00:00:00,STORE_2,SKU_108,Beverages,438,20,1,0,165,142,6,12,Winter
2024-12-02 00:00:00,STORE_1,SKU_106,Groceries,485,15,0,0,288,109,0,12,Winter
2024-12-03 00:00:00,STORE_4,SKU_103,Groceries,225,10,0,0,384,146,1,12,Winter
2024-12-04 00:00:00,STORE_5,SKU_105,Groceries,295,20,1,0,490,183,2,12,Winter
2024-12-05 00:00:00,STORE_4,SKU_104,Beverages,485,15,1,0,197,161,3,12,Winter
2024-12-06 00:00:00,STORE_1,SKU_107,Groceries,275,30,0,0,58,111,4,12,Winter
2024-12-07 00:00:00,STORE_4,SKU_100,Beverages,285,30,0,1,337,177,5,12,Winter
2024-12-08 00:00:00,STORE_3,SKU_100,Groceries,44,30,0,1,437,153,6,12,Winter
2024-12-09 00:00:00,STORE_4,SKU_105,Beverages,469,30,0,0,99,90,0,12,Winter
2024-12-10 00:00:00,STORE_2,SKU_109,Snacks,300,10,1,0,387,158,1,12,Winter
2024-12-11 00:00:00,STORE_2,SKU_101,Snacks,272,0,0,0,54,145,2,12,Winter
2024-12-12 00:00:00,STORE_3,SKU_104,Snacks,329,15,0,1,453,189,3,12,Winter
2024-12-13 00:00:00,STORE_1,SKU_100,Snacks,308,10,0,1,392,144,4,12,Winter
2024-12-14 00:00:00,STORE_2,SKU_106,Snacks,183,30,0,0,175,90,5,12,Winter
2024-12-15 00:00:00,STORE_5,SKU_100,Groceries,114,0,0,0,124,123,6,12,Winter
2024-12-16 00:00:00,STORE_2,SKU_103,Groceries,289,20,0,0,214,116,0,12,Winter
2024-12-17 00:00:00,STORE_2,SKU_108,Groceries,340,20,1,0,327,182,1,12,Winter
2024-12-18 00:00:00,STORE_1,SKU_100,Beverages,129,20,1,0,491,184,2,12,Winter
2024-12-19 00:00:00,STORE_4,SKU_103,Beverages,355,30,0,0,373,119,3,12,Winter
2024-12-20 00:00:00,STORE_2,SKU_105,Beverages,329,20,1,0,349,140,4,12,Winter
2024-12-21 00:00:00,STORE_3,SKU_105,Beverages,257,5,1,0,339,146,5,12,Winter
2024-12-22 00:00:00,STORE_4,SKU_107,Snacks,400,15,1,0,126,121,6,12,Winter
2024-12-23 00:00:00,STORE_5,SKU_100,Snacks,455,15,0,1,347,136,0,12,Winter
2024-12-24 00:00:00,STORE_1,SKU_106,Snacks,406,30,0,0,186,137,1,12,Winter
2024-12-25 00:00:00,STORE_5,SKU_100,Dairy,444,5,0,0,155,146,2,12,Winter
2024-12-26 00:00:00,STORE_4,SKU_106,Groceries,409,10,0,0,144,131,3,12,Winter
2024-12-27 00:00:00,STORE_4,SKU_102,Beverages,44,10,0,0,184,103,4,12,Winter
2024-12-28 00:00:00,STORE_4,SKU_107,Beverages,160,20,0,0,117,94,5,12,Winter
2024-12-29 00:00:00,STORE_5,SKU_102,Snacks,136,0,0,0,196,92,6,12,Winter
2024-12-30 00:00:00,STORE_4,SKU_100,Beverages,411,10,0,0,208,108,0,12,Winter
2024-12-31 00:00:00,STORE_5,SKU_107,Beverages,424,0,0,0,433,147,1,12,Winter
2025-01-01 00:00:00,STORE_4,SKU_102,Groceries,471,15,0,0,212,152,2,1,Winter
2025-01-02 00:00:00,STORE_3,SKU_101,Snacks,44,0,1,0,490,159,3,1,Winter
2025-01-03 00:00:00,STORE_4,SKU_100,Groceries,98,15,1,0,390,170,4,1,Winter
2025-01-04 00:00:00,STORE_5,SKU_102,Dairy,87,5,1,0,238,129,5,1,Winter
2025-01-05 00:00:00,STORE_2,SKU_101,Dairy,192,5,1,0,464,137,6,1,Winter
2025-01-06 00:00:00,STORE_4,SKU_101,Dairy,463,30,0,0,388,144,0,1,Winter
2025-01-07 00:00:00,STORE_2,SKU_105,Snacks,31,30,1,0,144,176,1,1,Winter
2025-01-08 00:00:00,STORE_3,SKU_100,Beverages,307,20,0,0,230,145,2,1,Winter
2025-01-09 00:00:00,STORE_1,SKU_101,Snacks,147,10,0,0,337,131,3,1,Winter
2025-01-10 00:00:00,STORE_3,SKU_105,Snacks,115,20,0,0,371,108,4,1,Winter
2025-01-11 00:00:00,STORE_4,SKU_102,Beverages,111,15,0,0,236,101,5,1,Winter
2025-01-12 00:00:00,STORE_2,SKU_103,Groceries,160,20,0,0,421,99,6,1,Winter
2025-01-13 00:00:00,STORE_2,SKU_100,Dairy,50,0,0,0,187,132,0,1,Winter
2025-01-14 00:00:00,STORE_5,SKU_107,Groceries,353,15,1,1,179,230,1,1,Winter
2025-01-15 00:00:00,STORE_2,SKU_106,Dairy,39,30,0,0,243,157,2,1,Winter
2025-01-16 00:00:00,STORE_5,SKU_106,Snacks,165,5,0,0,365,141,3,1,Winter
2025-01-17 00:00:00,STORE_1,SKU_102,Dairy,496,30,1,0,322,150,4,1,Winter
2025-01-18 00:00:00,STORE_4,SKU_109,Snacks,335,10,0,0,401,111,5,1,Winter
2025-01-19 00:00:00,STORE_5,SKU_109,Groceries,466,15,0,0,193,101,6,1,Winter
2025-01-20 00:00:00,STORE_1,SKU_102,Snacks,409,15,0,0,65,135,0,1,Winter
2025-01-21 00:00:00,STORE_2,SKU_101,Groceries,179,0,0,1,351,208,1,1,Winter
2025-01-22 00:00:00,STORE_2,SKU_100,Beverages,368,10,0,0,472,132,2,1,Winter
2025-01-23 00:00:00,STORE_1,SKU_106,Beverages,62,5,1,0,294,166,3,1,Winter
2025-01-24 00:00:00,STORE_2,SKU_106,Beverages,273,15,0,0,464,110,4,1,Winter
2025-01-25 00:00:00,STORE_1,SKU_101,Snacks,149,15,0,0,156,103,5,1,Winter
2025-01-26 00:00:00,STORE_5,SKU_106,Beverages,79,0,1,0,137,173,6,1,Winter
2025-01-27 00:00:00,STORE_5,SKU_107,Dairy,170,20,0,0,178,129,0,1,Winter
2025-01-28 00:00:00,STORE_1,SKU_100,Groceries,486,5,0,0,444,136,1,1,Winter
2025-01-29 00:00:00,STORE_5,SKU_108,Groceries,306,30,0,0,424,161,2,1,Winter
2025-01-30 00:00:00,STORE_5,SKU_106,Dairy,24,10,0,0,390,141,3,1,Winter
2025-01-31 00:00:00,STORE_5,SKU_102,Snacks,486,15,0,0,53,105,4,1,Winter
2025-02-01 00:00:00,STORE_3,SKU_107,Snacks,437,15,0,0,376,92,5,2,Winter
2025-02-02 00:00:00,STORE_4,SKU_106,Groceries,285,30,0,0,459,103,6,2,Winter
2025-02-03 00:00:00,STORE_2,SKU_107,Beverages,364,5,1,0,416,197,0,2,Winter
2025-02-04 00:00:00,STORE_3,SKU_105,Snacks,149,20,0,0,355,149,1,2,Winter
2025-02-05 00:00:00,STORE_5,SKU_108,Snacks,401,15,0,0,445,158,2,2,Winter
2025-02-06 00:00:00,STORE_1,SKU_104,Dairy,286,5,0,0,144,130,3,2,Winter
2025-02-07 00:00:00,STORE_5,SKU_102,Dairy,197,30,0,0,258,130,4,2,Winter
2025-02-08 00:00:00,STORE_4,SKU_102,Beverages,272,0,0,0,274,88,5,2,Winter
2025-02-09 00:00:00,STORE_5,SKU_100,Snacks,434,20,0,1,397,181,6,2,Winter
2025-02-10 00:00:00,STORE_1,SKU_107,Snacks,75,10,1,0,370,196,0,2,Winter
2025-02-11 00:00:00,STORE_4,SKU_101,Dairy,482,15,0,0,96,141,1,2,Winter
2025-02-12 00:00:00,STORE_5,SKU_102,Snacks,476,5,0,0,230,163,2,2,Winter
2025-02-13 00:00:00,STORE_4,SKU_107,Groceries,490,0,0,1,155,208,3,2,Winter
2025-02-14 00:00:00,STORE_2,SKU_107,Dairy,102,10,0,0,248,109,4,2,Winter
2025-02-15 00:00:00,STORE_2,SKU_103,Beverages,412,5,0,0,435,121,5,2,Winter
2025-02-16 00:00:00,STORE_5,SKU_103,Dairy,118,5,0,0,155,114,6,2,Winter
2025-02-17 00:00:00,STORE_4,SKU_104,Snacks,168,10,0,0,329,138,0,2,Winter
2025-02-18 00:00:00,STORE_1,SKU_105,Beverages,348,0,0,0,309,162,1,2,Winter
2025-02-19 00:00:00,STORE_5,SKU_104,Dairy,175,30,1,1,157,230,2,2,Winter
2025-02-20 00:00:00,STORE_2,SKU_106,Groceries,209,0,1,0,68,200,3,2,Winter
2025-02-21 00:00:00,STORE_2,SKU_101,Groceries,390,20,1,0,459,153,4,2,Winter
2025-02-22 00:00:00,STORE_5,SKU_106,Dairy,282,15,1,1,345,214,5,2,Winter
2025-02-23 00:00:00,STORE_4,SKU_109,Groceries,99,10,0,0,355,117,6,2,Winter
2025-02-24 00:00:00,STORE_2,SKU_106,Groceries,419,30,1,0,220,173,0,2,Winter
2025-02-25 00:00:00,STORE_4,SKU_100,Groceries,271,10,0,0,380,158,1,2,Winter
2025-02-26 00:00:00,STORE_2,SKU_106,Beverages,116,10,1,0,244,214,2,2,Winter
2025-02-27 00:00:00,STORE_2,SKU_104,Groceries,279,0,1,0,61,192,3,2,Winter
2025-02-28 00:00:00,STORE_3,SKU_102,Groceries,279,15,0,0,244,117,4,2,Winter
2025-03-01 00:00:00,STORE_2,SKU_102,Groceries,122,20,1,0,332,121,5,3,Spring
2025-03-02 00:00:00,STORE_1,SKU_103,Beverages,59,5,0,0,418,108,6,3,Spring
2025-03-03 00:00:00,STORE_5,SKU_101,Dairy,292,5,0,0,231,133,0,3,Spring
2025-03-04 00:00:00,STORE_5,SKU_101,Snacks,120,10,0,0,499,172,1,3,Spring
2025-03-05 00:00:00,STORE_4,SKU_100,Groceries,378,15,0,1,354,226,2,3,Spring
2025-03-06 00:00:00,STORE_2,SKU_104,Dairy,399,30,0,0,193,139,3,3,Spring
2025-03-07 00:00:00,STORE_1,SKU_103,Groceries,327,0,0,1,435,154,4,3,Spring
2025-03-08 00:00:00,STORE_4,SKU_109,Beverages,240,15,1,0,365,148,5,3,Spring
2025-03-09 00:00:00,STORE_3,SKU_101,Dairy,327,15,0,0,231,116,6,3,Spring
2025-03-10 00:00:00,STORE_4,SKU_102,Beverages,439,0,1,0,79,172,0,3,Spring
2025-03-11 00:00:00,STORE_4,SKU_106,Groceries,143,10,1,0,133,202,1,3,Spring
2025-03-12 00:00:00,STORE_2,SKU_106,Groceries,441,15,1,0,215,153,2,3,Spring
2025-03-13 00:00:00,STORE_3,SKU_103,Beverages,250,5,1,0,333,183,3,3,Spring
2025-03-14 00:00:00,STORE_4,SKU_104,Snacks,197,0,0,0,330,120,4,3,Spring
2025-03-15 00:00:00,STORE_1,SKU_104,Beverages,82,30,1,0,145,157,5,3,Spring
2025-03-16 00:00:00,STORE_1,SKU_105,Groceries,135,20,1,0,430,156,6,3,Spring
2025-03-17 00:00:00,STORE_5,SKU_108,Beverages,210,10,0,0,315,149,0,3,Spring
2025-03-18 00:00:00,STORE_3,SKU_101,Snacks,81,0,0,0,493,161,1,3,Spring
2025-03-19 00:00:00,STORE_3,SKU_104,Beverages,275,20,0,0,347,154,2,3,Spring
2025-03-20 00:00:00,STORE_5,SKU_102,Snacks,26,20,0,0,345,135,3,3,Spring
2025-03-21 00:00:00,STORE_4,SKU_103,Snacks,174,30,0,0,274,94,4,3,Spring
2025-03-22 00:00:00,STORE_3,SKU_109,Beverages,111,15,0,0,382,112,5,3,Spring
2025-03-23 00:00:00,STORE_1,SKU_105,Beverages,489,30,0,0,410,121,6,3,Spring
2025-03-24 00:00:00,STORE_1,SKU_107,Dairy,33,15,0,0,423,133,0,3,Spring
2025-03-25 00:00:00,STORE_2,SKU_100,Groceries,474,15,1,0,91,222,1,3,Spring
2025-03-26 00:00:00,STORE_3,SKU_109,Snacks,248,0,0,0,352,146,2,3,Spring
2025-03-27 00:00:00,STORE_4,SKU_107,Dairy,105,0,0,0,470,144,3,3,Spring
2025-03-28 00:00:00,STORE_5,SKU_106,Beverages,152,10,0,0,295,121,4,3,Spring
2025-03-29 00:00:00,STORE_5,SKU_100,Groceries,202,15,0,0,257,109,5,3,Spring
2025-03-30 00:00:00,STORE_4,SKU_101,Dairy,405,20,1,0,286,165,6,3,Spring
2025-03-31 00:00:00,STORE_2,SKU_102,Snacks,81,5,0,0,71,133,0,3,Spring
2025-04-01 00:00:00,STORE_5,SKU_100,Dairy,238,10,0,0,234,149,1,4,Spring
2025-04-02 00:00:00,STORE_3,SKU_108,Snacks,424,0,0,0,291,147,2,4,Spring
2025-04-03 00:00:00,STORE_2,SKU_107,Beverages,265,30,0,0,412,157,3,4,Spring
2025-04-04 00:00:00,STORE_3,SKU_101,Groceries,249,10,1,0,332,136,4,4,Spring
2025-04-05 00:00:00,STORE_1,SKU_108,Groceries,98,10,0,0,90,103,5,4,Spring
2025-04-06 00:00:00,STORE_2,SKU_106,Groceries,168,10,0,0,385,130,6,4,Spring
2025-04-07 00:00:00,STORE_5,SKU_108,Beverages,157,10,0,0,211,137,0,4,Spring
2025-04-08 00:00:00,STORE_2,SKU_105,Snacks,490,5,0,0,209,152,1,4,Spring
2025-04-09 00:00:00,STORE_2,SKU_105,Beverages,333,30,0,0,138,157,2,4,Spring
2025-04-10 00:00:00,STORE_2,SKU_103,Groceries,395,30,0,0,371,134,3,4,Spring
2025-04-11 00:00:00,STORE_2,SKU_109,Beverages,442,30,0,0,61,121,4,4,Spring
2025-04-12 00:00:00,STORE_3,SKU_109,Beverages,408,15,0,0,473,105,5,4,Spring
2025-04-13 00:00:00,STORE_1,SKU_101,Beverages,84,20,0,0,122,115,6,4,Spring
2025-04-14 00:00:00,STORE_4,SKU_106,Snacks,32,30,1,0,125,161,0,4,Spring
2025-04-15 00:00:00,STORE_2,SKU_104,Dairy,232,10,1,0,395,192,1,4,Spring
2025-04-16 00:00:00,STORE_5,SKU_105,Dairy,493,10,0,0,250,167,2,4,Spring
2025-04-17 00:00:00,STORE_2,SKU_101,Beverages,261,30,1,0,59,171,3,4,Spring
2025-04-18 00:00:00,STORE_5,SKU_104,Dairy,232,30,0,0,401,128,4,4,Spring
2025-04-19 00:00:00,STORE_3,SKU_109,Dairy,200,10,0,0,275,111,5,4,Spring
2025-04-20 00:00:00,STORE_5,SKU_103,Beverages,357,15,1,0,225,154,6,4,Spring
2025-04-21 00:00:00,STORE_4,SKU_108,Beverages,192,0,1,1,325,214,0,4,Spring
2025-04-22 00:00:00,STORE_1,SKU_105,Groceries,179,0,1,0,88,173,1,4,Spring
2025-04-23 00:00:00,STORE_5,SKU_101,Dairy,183,30,0,0,109,160,2,4,Spring
2025-04-24 00:00:00,STORE_5,SKU_100,Snacks,484,5,0,0,115,143,3,4,Spring
2025-04-25 00:00:00,STORE_1,SKU_104,Beverages,207,30,1,0,370,179,4,4,Spring
2025-04-26 00:00:00,STORE_4,SKU_108,Groceries,414,30,0,0,484,116,5,4,Spring
2025-04-27 00:00:00,STORE_2,SKU_105,Snacks,210,0,0,0,173,121,6,4,Spring
2025-04-28 00:00:00,STORE_5,SKU_109,Dairy,424,10,0,0,213,135,0,4,Spring
2025-04-29 00:00:00,STORE_1,SKU_106,Groceries,327,30,0,0,457,142,1,4,Spring
2025-04-30 00:00:00,STORE_3,SKU_104,Beverages,275,10,0,0,460,160,2,4,Spring
2025-05-01 00:00:00,STORE_1,SKU_109,Snacks,202,10,0,0,435,138,3,5,Spring
2025-05-02 00:00:00,STORE_3,SKU_105,Beverages,136,5,1,0,208,146,4,5,Spring
2025-05-03 00:00:00,STORE_4,SKU_104,Dairy,301,10,0,0,106,115,5,5,Spring
2025-05-04 00:00:00,STORE_2,SKU_108,Snacks,215,0,0,0,127,118,6,5,Spring
2025-05-05 00:00:00,STORE_1,SKU_105,Dairy,53,15,0,0,243,116,0,5,Spring
2025-05-06 00:00:00,STORE_5,SKU_107,Dairy,71,15,0,0,334,140,1,5,Spring
2025-05-07 00:00:00,STORE_4,SKU_101,Groceries,131,20,0,0,64,146,2,5,Spring
2025-05-08 00:00:00,STORE_1,SKU_108,Beverages,271,30,0,1,61,184,3,5,Spring
2025-05-09 00:00:00,STORE_5,SKU_104,Snacks,101,0,1,0,150,175,4,5,Spring
2025-05-10 00:00:00,STORE_1,SKU_106,Dairy,251,10,0,0,205,103,5,5,Spring
2025-05-11 00:00:00,STORE_3,SKU_109,Dairy,246,15,1,0,389,169,6,5,Spring
2025-05-12 00:00:00,STORE_1,SKU_100,Snacks,252,0,0,0,174,114,0,5,Spring
2025-05-13 00:00:00,STORE_1,SKU_109,Dairy,240,15,0,0,408,150,1,5,Spring
2025-05-14 00:00:00,STORE_1,SKU_104,Groceries,455,10,0,0,329,150,2,5,Spring
2025-05-15 00:00:00,STORE_4,SKU_109,Groceries,432,15,0,0,454,131,3,5,Spring
2025-05-16 00:00:00,STORE_1,SKU_101,Groceries,441,30,1,0,443,136,4,5,Spring
2025-05-17 00:00:00,STORE_5,SKU_105,Groceries,61,30,0,0,159,103,5,5,Spring
2025-05-18 00:00:00,STORE_3,SKU_100,Dairy,40,20,0,0,383,111,6,5,Spring
2025-05-19 00:00:00,STORE_3,SKU_102,Snacks,61,20,1,0,406,152,0,5,Spring
2025-05-20 00:00:00,STORE_1,SKU_104,Snacks,416,15,1,0,195,177,1,5,Spring
2025-05-21 00:00:00,STORE_4,SKU_103,Snacks,132,0,1,0,265,205,2,5,Spring
2025-05-22 00:00:00,STORE_4,SKU_102,Snacks,124,30,0,0,447,132,3,5,Spring
2025-05-23 00:00:00,STORE_5,SKU_109,Beverages,211,0,1,0,211,176,4,5,Spring
2025-05-24 00:00:00,STORE_1,SKU_104,Snacks,36,0,0,0,177,101,5,5,Spring
2025-05-25 00:00:00,STORE_3,SKU_107,Beverages,139,15,0,0,363,110,6,5,Spring
2025-05-26 00:00:00,STORE_4,SKU_103,Beverages,412,0,0,1,381,165,0,5,Spring
2025-05-27 00:00:00,STORE_1,SKU_100,Groceries,444,30,0,1,199,221,1,5,Spring
2025-05-28 00:00:00,STORE_4,SKU_106,Beverages,148,10,0,0,85,162,2,5,Spring
2025-05-29 00:00:00,STORE_4,SKU_107,Dairy,149,20,0,0,222,141,3,5,Spring
2025-05-30 00:00:00,STORE_3,SKU_102,Beverages,79,10,1,0,469,144,4,5,Spring
2025-05-31 00:00:00,STORE_2,SKU_105,Groceries,67,0,0,0,71,96,5,5,Spring
2025-06-01 00:00:00,STORE_5,SKU_101,Beverages,48,10,0,0,255,89,6,6,Summer
2025-06-02 00:00:00,STORE_5,SKU_106,Dairy,116,30,0,0,176,121,0,6,Summer
2025-06-03 00:00:00,STORE_3,SKU_107,Dairy,29,30,1,0,385,195,1,6,Summer
2025-06-04 00:00:00,STORE_4,SKU_105,Dairy,261,0,0,0,494,140,2,6,Summer
2025-06-05 00:00:00,STORE_1,SKU_105,Groceries,333,15,0,0,405,135,3,6,Summer
2025-06-06 00:00:00,STORE_4,SKU_104,Groceries,463,10,1,0,489,134,4,6,Summer
2025-06-07 00:00:00,STORE_3,SKU_107,Snacks,251,15,1,0,266,131,5,6,Summer
2025-06-08 00:00:00,STORE_5,SKU_100,Groceries,296,15,0,0,145,113,6,6,Summer
2025-06-09 00:00:00,STORE_4,SKU_109,Dairy,303,5,0,0,466,126,0,6,Summer
2025-06-10 00:00:00,STORE_5,SKU_103,Dairy,222,0,1,0,478,169,1,6,Summer
2025-06-11 00:00:00,STORE_1,SKU_103,Groceries,266,20,0,0,213,150,2,6,Summer
2025-06-12 00:00:00,STORE_5,SKU_102,Beverages,309,30,0,0,197,137,3,6,Summer
2025-06-13 00:00:00,STORE_5,SKU_102,Groceries,283,30,1,0,67,137,4,6,Summer
2025-06-14 00:00:00,STORE_2,SKU_103,Groceries,462,0,0,0,343,102,5,6,Summer
2025-06-15 00:00:00,STORE_2,SKU_100,Dairy,233,20,0,0,244,92,6,6,Summer
2025-06-16 00:00:00,STORE_2,SKU_101,Snacks,219,30,0,0,200,120,0,6,Summer
2025-06-17 00:00:00,STORE_5,SKU_108,Dairy,452,0,0,0,414,150,1,6,Summer
2025-06-18 00:00:00,STORE_3,SKU_109,Snacks,98,30,0,0,172,154,2,6,Summer
2025-06-19 00:00:00,STORE_5,SKU_101,Dairy,420,15,1,0,449,195,3,6,Summer
2025-06-20 00:00:00,STORE_3,SKU_104,Groceries,463,10,0,0,236,100,4,6,Summer
2025-06-21 00:00:00,STORE_3,SKU_108,Dairy,362,10,0,0,198,85,5,6,Summer
2025-06-22 00:00:00,STORE_2,SKU_108,Dairy,363,30,0,0,153,101,6,6,Summer
2025-06-23 00:00:00,STORE_4,SKU_107,Dairy,192,5,0,1,292,161,0,6,Summer
2025-06-24 00:00:00,STORE_1,SKU_100,Groceries,486,20,1,0,280,158,1,6,Summer
2025-06-25 00:00:00,STORE_2,SKU_100,Groceries,88,20,0,0,255,136,2,6,Summer
2025-06-26 00:00:00,STORE_2,SKU_108,Groceries,435,20,0,0,247,135,3,6,Summer
2025-06-27 00:00:00,STORE_4,SKU_107,Groceries,447,15,0,0,445,110,4,6,Summer
2025-06-28 00:00:00,STORE_1,SKU_109,Snacks,468,20,0,1,449,134,5,6,Summer
2025-06-29 00:00:00,STORE_5,SKU_108,Snacks,106,10,0,0,386,106,6,6,Summer
2025-06-30 00:00:00,STORE_5,SKU_106,Beverages,120,15,0,0,136,117,0,6,Summer
2025-07-01 00:00:00,STORE_2,SKU_102,Groceries,27,0,1,0,191,153,1,7,Summer
2025-07-02 00:00:00,STORE_1,SKU_102,Snacks,352,20,0,0,366,147,2,7,Summer
2025-07-03 00:00:00,STORE_2,SKU_101,Dairy,219,20,0,0,248,115,3,7,Summer
2025-07-04 00:00:00,STORE_3,SKU_104,Groceries,106,0,0,0,95,96,4,7,Summer
2025-07-05 00:00:00,STORE_2,SKU_102,Beverages,62,20,1,0,337,157,5,7,Summer
2025-07-06 00:00:00,STORE_2,SKU_105,Beverages,404,0,0,1,64,131,6,7,Summer
2025-07-07 00:00:00,STORE_5,SKU_101,Beverages,128,15,0,0,93,111,0,7,Summer
2025-07-08 00:00:00,STORE_5,SKU_102,Dairy,454,10,0,0,450,127,1,7,Summer
2025-07-09 00:00:00,STORE_5,SKU_104,Snacks,427,0,0,0,218,119,2,7,Summer
2025-07-10 00:00:00,STORE_3,SKU_100,Dairy,171,5,1,0,359,158,3,7,Summer
2025-07-11 00:00:00,STORE_5,SKU_100,Groceries,36,0,0,0,93,91,4,7,Summer
2025-07-12 00:00:00,STORE_1,SKU_109,Beverages,152,20,0,0,147,90,5,7,Summer
2025-07-13 00:00:00,STORE_4,SKU_108,Dairy,167,15,1,0,310,148,6,7,Summer
2025-07-14 00:00:00,STORE_1,SKU_106,Dairy,296,30,1,0,158,139,0,7,Summer
2025-07-15 00:00:00,STORE_1,SKU_100,Snacks,251,15,1,0,332,175,1,7,Summer
2025-07-16 00:00:00,STORE_5,SKU_107,Snacks,333,30,1,1,421,249,2,7,Summer
2025-07-17 00:00:00,STORE_4,SKU_102,Beverages,434,0,0,0,392,101,3,7,Summer
2025-07-18 00:00:00,STORE_4,SKU_107,Dairy,385,10,0,0,153,115,4,7,Summer
2025-07-19 00:00:00,STORE_4,SKU_104,Dairy,247,5,0,0,305,91,5,7,Summer
2025-07-20 00:00:00,STORE_3,SKU_100,Snacks,158,15,0,0,428,103,6,7,Summer
2025-07-21 00:00:00,STORE_5,SKU_106,Dairy,455,20,0,0,255,106,0,7,Summer
2025-07-22 00:00:00,STORE_4,SKU_104,Dairy,418,30,0,0,384,127,1,7,Summer
2025-07-23 00:00:00,STORE_3,SKU_105,Dairy,230,20,0,0,92,135,2,7,Summer
2025-07-24 00:00:00,STORE_2,SKU_105,Snacks,410,10,1,0,402,165,3,7,Summer
2025-07-25 00:00:00,STORE_2,SKU_107,Beverages,47,30,0,0,294,114,4,7,Summer
2025-07-26 00:00:00,STORE_3,SKU_108,Groceries,70,15,1,0,336,129,5,7,Summer
2025-07-27 00:00:00,STORE_3,SKU_101,Beverages,461,0,0,0,404,95,6,7,Summer
2025-07-28 00:00:00,STORE_5,SKU_108,Groceries,280,20,0,0,322,118,0,7,Summer
2025-07-29 00:00:00,STORE_5,SKU_109,Dairy,280,10,0,0,132,155,1,7,Summer
2025-07-30 00:00:00,STORE_2,SKU_108,Beverages,369,15,0,0,159,140,2,7,Summer
2025-07-31 00:00:00,STORE_4,SKU_109,Groceries,371,15,0,0,487,123,3,7,Summer
2025-08-01 00:00:00,STORE_2,SKU_109,Snacks,27,15,1,0,239,150,4,8,Summer
2025-08-02 00:00:00,STORE_4,SKU_106,Snacks,339,15,0,0,337,84,5,8,Summer
2025-08-03 00:00:00,STORE_4,SKU_100,Beverages,157,30,0,0,473,81,6,8,Summer
2025-08-04 00:00:00,STORE_5,SKU_106,Beverages,57,15,0,0,446,111,0,8,Summer
2025-08-05 00:00:00,STORE_1,SKU_109,Dairy,130,20,0,0,300,112,1,8,Summer
2025-08-06 00:00:00,STORE_1,SKU_104,Beverages,499,10,1,0,261,163,2,8,Summer
2025-08-07 00:00:00,STORE_3,SKU_105,Dairy,387,30,1,0,340,181,3,8,Summer
2025-08-08 00:00:00,STORE_5,SKU_109,Dairy,239,15,0,0,182,99,4,8,Summer
2025-08-09 00:00:00,STORE_4,SKU_106,Snacks,356,5,0,0,250,78,5,8,Summer
2025-08-10 00:00:00,STORE_1,SKU_104,Snacks,242,5,0,0,334,85,6,8,Summer
2025-08-11 00:00:00,STORE_4,SKU_106,Groceries,155,10,1,0,375,138,0,8,Summer
2025-08-12 00:00:00,STORE_1,SKU_108,Snacks,275,0,0,1,458,177,1,8,Summer
2025-08-13 00:00:00,STORE_1,SKU_102,Snacks,379,0,0,0,144,119,2,8,Summer
2025-08-14 00:00:00,STORE_1,SKU_107,Beverages,428,30,1,0,327,149,3,8,Summer
2025-08-15 00:00:00,STORE_5,SKU_101,Snacks,348,30,0,0,499,96,4,8,Summer
2025-08-16 00:00:00,STORE_2,SKU_106,Groceries,469,30,1,0,478,110,5,8,Summer
2025-08-17 00:00:00,STORE_4,SKU_101,Beverages,482,0,0,0,374,96,6,8,Summer
2025-08-18 00:00:00,STORE_5,SKU_103,Groceries,453,5,0,0,268,97,0,8,Summer
2025-08-19 00:00:00,STORE_5,SKU_106,Snacks,470,0,0,0,138,128,1,8,Summer
2025-08-20 00:00:00,STORE_5,SKU_102,Groceries,68,20,1,0,121,177,2,8,Summer
2025-08-21 00:00:00,STORE_5,SKU_101,Beverages,311,15,1,0,296,154,3,8,Summer
2025-08-22 00:00:00,STORE_5,SKU_109,Dairy,401,30,0,1,178,144,4,8,Summer
2025-08-23 00:00:00,STORE_3,SKU_106,Groceries,343,5,0,0,261,92,5,8,Summer
2025-08-24 00:00:00,STORE_4,SKU_100,Groceries,97,10,0,1,477,148,6,8,Summer
2025-08-25 00:00:00,STORE_5,SKU_107,Beverages,124,10,1,0,392,116,0,8,Summer
2025-08-26 00:00:00,STORE_4,SKU_102,Beverages,188,15,0,0,145,150,1,8,Summer
2025-08-27 00:00:00,STORE_3,SKU_101,Groceries,236,5,0,0,124,136,2,8,Summer
2025-08-28 00:00:00,STORE_3,SKU_102,Snacks,397,0,0,0,472,127,3,8,Summer
2025-08-29 00:00:00,STORE_4,SKU_104,Groceries,138,0,1,0,103,137,4,8,Summer
2025-08-30 00:00:00,STORE_1,SKU_107,Beverages,209,20,0,1,393,129,5,8,Summer
2025-08-31 00:00:00,STORE_2,SKU_109,Dairy,274,20,0,0,462,74,6,8,Summer
2025-09-01 00:00:00,STORE_1,SKU_106,Dairy,389,0,0,0,103,102,0,9,Autumn
2025-09-02 00:00:00,STORE_1,SKU_106,Snacks,285,10,1,0,267,161,1,9,Autumn
2025-09-03 00:00:00,STORE_1,SKU_106,Groceries,168,30,0,0,65,120,2,9,Autumn
2025-09-04 00:00:00,STORE_5,SKU_107,Dairy,183,10,0,1,148,136,3,9,Autumn
2025-09-05 00:00:00,STORE_3,SKU_100,Groceries,159,20,1,0,69,130,4,9,Autumn
2025-09-06 00:00:00,STORE_1,SKU_103,Beverages,366,15,0,0,95,96,5,9,Autumn
2025-09-07 00:00:00,STORE_3,SKU_105,Dairy,277,0,0,0,242,91,6,9,Autumn
2025-09-08 00:00:00,STORE_4,SKU_108,Snacks,393,20,0,0,432,103,0,9,Autumn
2025-09-09 00:00:00,STORE_2,SKU_101,Beverages,288,20,1,1,107,225,1,9,Autumn
2025-09-10 00:00:00,STORE_4,SKU_100,Snacks,200,30,0,0,486,98,2,9,Autumn
2025-09-11 00:00:00,STORE_4,SKU_109,Beverages,179,0,1,0,160,143,3,9,Autumn
2025-09-12 00:00:00,STORE_5,SKU_101,Dairy,370,30,0,0,178,79,4,9,Autumn
2025-09-13 00:00:00,STORE_2,SKU_106,Snacks,419,0,0,0,386,81,5,9,Autumn
2025-09-14 00:00:00,STORE_4,SKU_102,Snacks,307,30,0,0,243,82,6,9,Autumn
2025-09-15 00:00:00,STORE_4,SKU_109,Beverages,307,10,1,0,462,130,0,9,Autumn
2025-09-16 00:00:00,STORE_2,SKU_101,Snacks,399,15,0,0,389,125,1,9,Autumn
2025-09-17 00:00:00,STORE_2,SKU_106,Beverages,245,15,1,1,375,235,2,9,Autumn
2025-09-18 00:00:00,STORE_4,SKU_101,Beverages,30,0,0,0,57,131,3,9,Autumn
2025-09-19 00:00:00,STORE_2,SKU_102,Beverages,29,5,0,0,78,101,4,9,Autumn
2025-09-20 00:00:00,STORE_4,SKU_106,Beverages,290,20,0,1,161,137,5,9,Autumn
2025-09-21 00:00:00,STORE_4,SKU_103,Dairy,292,20,1,0,484,97,6,9,Autumn
2025-09-22 00:00:00,STORE_5,SKU_100,Beverages,443,0,0,0,210,94,0,9,Autumn
2025-09-23 00:00:00,STORE_1,SKU_104,Groceries,421,30,0,0,180,130,1,9,Autumn
2025-09-24 00:00:00,STORE_4,SKU_108,Snacks,202,5,0,0,237,127,2,9,Autumn
2025-09-25 00:00:00,STORE_3,SKU_107,Groceries,476,10,1,0,212,177,3,9,Autumn
2025-09-26 00:00:00,STORE_1,SKU_108,Dairy,172,30,0,1,246,136,4,9,Autumn
2025-09-27 00:00:00,STORE_1,SKU_109,Groceries,334,30,1,0,413,106,5,9,Autumn
2025-09-28 00:00:00,STORE_1,SKU_108,Snacks,353,0,0,0,253,99,6,9,Autumn
2025-09-29 00:00:00,STORE_5,SKU_106,Groceries,143,0,0,0,261,114,0,9,Autumn
2025-09-30 00:00:00,STORE_4,SKU_103,Dairy,492,20,0,0,158,104,1,9,Autumn
2025-10-01 00:00:00,STORE_5,SKU_104,Beverages,133,0,1,0,325,194,2,10,Autumn
2025-10-02 00:00:00,STORE_4,SKU_100,Groceries,297,0,1,0,122,166,3,10,Autumn
2025-10-03 00:00:00,STORE_5,SKU_100,Dairy,433,0,0,0,216,91,4,10,Autumn
2025-10-04 00:00:00,STORE_5,SKU_102,Dairy,487,20,0,0,309,87,5,10,Autumn
2025-10-05 00:00:00,STORE_3,SKU_107,Snacks,232,10,0,1,292,128,6,10,Autumn
2025-10-06 00:00:00,STORE_5,SKU_101,Snacks,191,10,0,0,324,112,0,10,Autumn
2025-10-07 00:00:00,STORE_2,SKU_103,Groceries,307,0,0,0,151,118,1,10,Autumn
2025-10-08 00:00:00,STORE_3,SKU_101,Beverages,454,20,0,0,222,151,2,10,Autumn
2025-10-09 00:00:00,STORE_5,SKU_104,Dairy,193,10,0,0,220,118,3,10,Autumn
2025-10-10 00:00:00,STORE_1,SKU_108,Groceries,132,30,0,0,190,102,4,10,Autumn
2025-10-11 00:00:00,STORE_2,SKU_100,Dairy,395,10,0,0,446,74,5,10,Autumn
2025-10-12 00:00:00,STORE_2,SKU_104,Dairy,424,10,0,0,237,95,6,10,Autumn
2025-10-13 00:00:00,STORE_2,SKU_108,Beverages,141,20,0,0,490,106,0,10,Autumn
2025-10-14 00:00:00,STORE_3,SKU_100,Beverages,51,30,0,0,135,112,1,10,Autumn
2025-10-15 00:00:00,STORE_5,SKU_108,Groceries,241,20,1,0,101,166,2,10,Autumn
2025-10-16 00:00:00,STORE_5,SKU_107,Beverages,138,0,0,1,160,186,3,10,Autumn
2025-10-17 00:00:00,STORE_1,SKU_103,Beverages,58,15,0,0,486,104,4,10,Autumn
2025-10-18 00:00:00,STORE_1,SKU_109,Groceries,287,10,0,0,414,78,5,10,Autumn
2025-10-19 00:00:00,STORE_2,SKU_104,Beverages,252,15,0,0,391,68,6,10,Autumn
2025-10-20 00:00:00,STORE_1,SKU_104,Snacks,450,20,0,0,92,98,0,10,Autumn
2025-10-21 00:00:00,STORE_3,SKU_105,Dairy,37,20,0,0,260,112,1,10,Autumn
2025-10-22 00:00:00,STORE_5,SKU_106,Dairy,168,20,1,0,249,151,2,10,Autumn
2025-10-23 00:00:00,STORE_2,SKU_107,Dairy,416,15,0,0,347,125,3,10,Autumn
2025-10-24 00:00:00,STORE_1,SKU_107,Dairy,168,20,0,0,395,96,4,10,Autumn
2025-10-25 00:00:00,STORE_3,SKU_101,Groceries,145,0,0,0,289,100,5,10,Autumn
2025-10-26 00:00:00,STORE_3,SKU_108,Dairy,411,20,0,0,164,77,6,10,Autumn
2025-10-27 00:00:00,STORE_1,SKU_106,Dairy,321,5,0,0,75,106,0,10,Autumn
2025-10-28 00:00:00,STORE_5,SKU_103,Dairy,379,15,1,0,456,149,1,10,Autumn
2025-10-29 00:00:00,STORE_1,SKU_103,Dairy,257,5,0,0,348,125,2,10,Autumn
2025-10-30 00:00:00,STORE_2,SKU_107,Snacks,154,20,0,0,126,115,3,10,Autumn
2025-10-31 00:00:00,STORE_1,SKU_103,Dairy,170,0,0,0,461,92,4,10,Autumn
2025-11-01 00:00:00,STORE_3,SKU_105,Snacks,255,10,0,0,186,88,5,11,Autumn
2025-11-02 00:00:00,STORE_1,SKU_104,Groceries,243,30,1,0,69,146,6,11,Autumn
2025-11-03 00:00:00,STORE_5,SKU_102,Beverages,222,30,0,0,489,121,0,11,Autumn
2025-11-04 00:00:00,STORE_4,SKU_109,Dairy,275,20,0,0,260,124,1,11,Autumn
2025-11-05 00:00:00,STORE_1,SKU_101,Beverages,105,0,0,1,289,184,2,11,Autumn
2025-11-06 00:00:00,STORE_5,SKU_108,Beverages,169,15,1,0,88,169,3,11,Autumn
2025-11-07 00:00:00,STORE_5,SKU_109,Groceries,254,5,0,0,484,112,4,11,Autumn
2025-11-08 00:00:00,STORE_3,SKU_108,Beverages,364,5,0,0,317,81,5,11,Autumn
2025-11-09 00:00:00,STORE_5,SKU_100,Snacks,41,5,0,1,256,173,6,11,Autumn
2025-11-10 00:00:00,STORE_5,SKU_109,Beverages,367,15,0,0,488,115,0,11,Autumn
2025-11-11 00:00:00,STORE_5,SKU_102,Beverages,304,30,0,0,316,121,1,11,Autumn
2025-11-12 00:00:00,STORE_5,SKU_107,Beverages,288,0,0,0,203,144,2,11,Autumn
2025-11-13 00:00:00,STORE_2,SKU_105,Dairy,485,15,0,0,91,124,3,11,Autumn
2025-11-14 00:00:00,STORE_2,SKU_104,Dairy,277,5,0,0,460,84,4,11,Autumn
2025-11-15 00:00:00,STORE_3,SKU_104,Snacks,48,20,0,0,60,85,5,11,Autumn
2025-11-16 00:00:00,STORE_1,SKU_105,Snacks,232,10,0,0,343,93,6,11,Autumn
2025-11-17 00:00:00,STORE_5,SKU_106,Dairy,482,15,0,0,147,106,0,11,Autumn
2025-11-18 00:00:00,STORE_1,SKU_100,Snacks,455,15,0,0,476,144,1,11,Autumn
2025-11-19 00:00:00,STORE_1,SKU_108,Dairy,302,0,0,0,324,149,2,11,Autumn
2025-11-20 00:00:00,STORE_3,SKU_102,Groceries,69,0,1,0,497,164,3,11,Autumn
2025-11-21 00:00:00,STORE_5,SKU_103,Beverages,114,15,0,0,439,96,4,11,Autumn
2025-11-22 00:00:00,STORE_5,SKU_109,Beverages,482,5,0,0,479,86,5,11,Autumn
2025-11-23 00:00:00,STORE_4,SKU_100,Snacks,426,10,0,1,421,157,6,11,Autumn
2025-11-24 00:00:00,STORE_1,SKU_109,Dairy,107,0,1,0,279,161,0,11,Autumn
2025-11-25 00:00:00,STORE_1,SKU_102,Dairy,63,5,0,0,418,94,1,11,Autumn
2025-11-26 00:00:00,STORE_2,SKU_101,Snacks,480,20,0,0,475,154,2,11,Autumn
2025-11-27 00:00:00,STORE_4,SKU_101,Dairy,297,0,0,0,269,123,3,11,Autumn
2025-11-28 00:00:00,STORE_2,SKU_100,Groceries,190,5,0,0,114,99,4,11,Autumn
2025-11-29 00:00:00,STORE_2,SKU_107,Beverages,440,5,0,0,404,91,5,11,Autumn
2025-11-30 00:00:00,STORE_2,SKU_102,Snacks,208,10,0,0,281,92,6,11,Autumn
2025-12-01 00:00:00,STORE_3,SKU_102,Snacks,372,10,0,0,377,115,0,12,Winter
2025-12-02 00:00:00,STORE_3,SKU_105,Dairy,203,20,1,0,492,152,1,12,Winter
2025-12-03 00:00:00,STORE_2,SKU_107,Snacks,22,5,0,0,101,125,2,12,Winter
2025-12-04 00:00:00,STORE_4,SKU_108,Groceries,210,30,0,0,423,117,3,12,Winter
2025-12-05 00:00:00,STORE_1,SKU_108,Dairy,137,5,0,1,480,175,4,12,Winter
2025-12-06 00:00:00,STORE_4,SKU_103,Dairy,38,10,0,0,425,102,5,12,Winter
2025-12-07 00:00:00,STORE_5,SKU_104,Dairy,42,30,0,1,312,153,6,12,Winter
2025-12-08 00:00:00,STORE_3,SKU_101,Dairy,432,0,0,0,316,111,0,12,Winter
2025-12-09 00:00:00,STORE_1,SKU_108,Groceries,49,0,0,1,408,172,1,12,Winter
2025-12-10 00:00:00,STORE_1,SKU_107,Dairy,314,15,1,0,366,173,2,12,Winter
2025-12-11 00:00:00,STORE_5,SKU_102,Snacks,127,10,1,0,373,162,3,12,Winter
2025-12-12 00:00:00,STORE_5,SKU_108,Groceries,386,15,0,0,458,104,4,12,Winter
2025-12-13 00:00:00,STORE_2,SKU_102,Beverages,300,30,0,0,445,105,5,12,Winter
2025-12-14 00:00:00,STORE_3,SKU_108,Beverages,147,10,1,0,203,126,6,12,Winter
2025-12-15 00:00:00,STORE_3,SKU_101,Snacks,248,20,0,0,407,110,0,12,Winter
2025-12-16 00:00:00,STORE_4,SKU_109,Snacks,130,5,1,0,415,178,1,12,Winter
2025-12-17 00:00:00,STORE_2,SKU_108,Groceries,155,20,0,0,189,141,2,12,Winter
2025-12-18 00:00:00,STORE_2,SKU_107,Beverages,381,30,0,0,476,121,3,12,Winter
2025-12-19 00:00:00,STORE_2,SKU_108,Beverages,205,10,0,0,100,108,4,12,Winter
2025-12-20 00:00:00,STORE_2,SKU_104,Beverages,163,30,0,0,166,105,5,12,Winter
2025-12-21 00:00:00,STORE_3,SKU_101,Beverages,91,5,0,0,470,86,6,12,Winter
2025-12-22 00:00:00,STORE_3,SKU_107,Beverages,148,0,0,0,95,120,0,12,Winter
2025-12-23 00:00:00,STORE_2,SKU_105,Dairy,383,0,0,0,358,148,1,12,Winter
2025-12-24 00:00:00,STORE_4,SKU_107,Snacks,280,30,0,0,137,143,2,12,Winter
2025-12-25 00:00:00,STORE_1,SKU_104,Dairy,22,15,0,0,257,138,3,12,Winter
2025-12-26 00:00:00,STORE_1,SKU_109,Beverages,468,10,1,0,426,151,4,12,Winter
2025-12-27 00:00:00,STORE_4,SKU_101,Groceries,407,10,0,0,318,97,5,12,Winter
2025-12-28 00:00:00,STORE_2,SKU_105,Groceries,123,0,1,0,138,130,6,12,Winter
2025-12-29 00:00:00,STORE_3,SKU_104,Beverages,243,20,0,0,430,114,0,12,Winter
2025-12-30 00:00:00,STORE_1,SKU_104,Beverages,339,5,0,0,167,159,1,12,Winter
2025-12-31 00:00:00,STORE_5,SKU_100,Groceries,381,20,1,0,103,195,2,12,Winter
